{"cameraMode":{"drawMode":0,"name":"Shaded","section":"Shading Mode"},"sceneLighting":false,"audioPlay":false,"sceneViewState":{"m_AlwaysRefresh":false,"showFog":true,"showSkybox":false,"showFlares":true,"showImageEffects":true,"showParticleSystems":true,"showVisualEffectGraphs":true,"m_FxEnabled":true},"in2DMode":false,"pivot":{"x":24.1200008392334,"y":5.78000020980835,"z":-10.09000015258789},"rotation":{"x":-0.007810525596141815,"y":0.0035983084235340358,"z":-0.00007794595876475796,"w":-0.9999809265136719},"size":0.7228415608406067,"orthographic":false}